date,A,B,C,D
2020-01-01,-1.4419436200855658,-0.461317234637639,-0.4935047589739775,-0.44194829139629677
2020-01-02,-1.0259843744812303,-0.0005337983633693089,-0.6585071030883455,-1.321906683727759
2020-01-03,-0.5625015854686675,-0.12736903227490196,-0.9712720277915232,-1.8346691462792517
2020-01-04,-0.15375649064015245,-1.2827711582030126,0.313736374456683,-1.7602617778421359
2020-01-05,-1.2748919672727899,-2.6472580055283554,-0.6774737966754191,-0.2766045138014057
2020-01-06,-0.6191065408498826,-4.116917792297657,-0.4580485346112867,1.2176750453919856
2020-01-07,-0.47317511444983956,-5.404120627306891,-0.7605155917077236,-1.0761209409695889
2020-01-08,-0.44190942593254157,-6.6139813815791495,0.9280388184797351,-3.2788153828332742
2020-01-09,-2.501612366006157,-7.27505215019676,1.0011495049254104,-3.874687512576136
2020-01-10,-3.086620934076764,-7.522987977953527,0.4169908757231787,-4.242977629048926
2020-01-11,-2.9659054328487406,-6.107758252700027,1.7908772396203814,-3.3790451066415894
2020-01-12,-3.2360059456306463,-6.736052131484062,2.7184401842645154,-3.9144090818522446
2020-01-13,-3.0784170064228835,-6.438111150499555,2.7385275982687687,-2.7532208881966103
2020-01-14,-5.082220354941127,-5.871085523551468,2.1838969819356695,-2.4440855525826133
2020-01-15,-4.197305447409484,-6.459209524921151,2.1057110551221108,-3.1898987377944064
2020-01-16,-6.385525625907611,-6.575096842538888,3.9503220830186105,-5.0274402399008205
2020-01-17,-5.4042718946547685,-7.372576734705355,2.920069878304717,-3.4850794549368374
2020-01-18,-5.874224100234258,-6.6549418317062505,3.4608869909131803,-5.680394156336993
2020-01-19,-5.176837372197106,-7.392084930137364,4.308355633259549,-6.343465314603321
2020-01-20,-5.35688160201878,-6.486184841412694,5.813113100491529,-4.98223101059954
2020-01-21,-5.766994914292615,-6.102558822171973,4.908738862236934,-4.133763926564536
2020-01-22,-7.001303736975924,-7.419645302764598,3.9294978076903178,-2.81709885714193
2020-01-23,-6.78194533593906,-8.191705522064188,4.23914466736815,-1.9907388015437488
2020-01-24,-5.089820370344032,-8.036796729436036,2.468533081179242,-2.3042036210296257
2020-01-25,-4.4145651526015675,-8.428669009424215,3.619769195420657,-2.706323866173799
2020-01-26,-3.6660107324197586,-10.857297331848802,4.775053210862759,-2.417238188187455
2020-01-27,-1.7605954028447033,-11.875651047749885,4.1159462618173155,-2.5339355826275622
2020-01-28,-1.3258236523414062,-10.024656402844714,4.133373374499611,-2.857542822663001
2020-01-29,-3.325139764440066,-9.435966971339262,4.592562593394134,-1.4534750138140453
2020-01-30,-4.775477728608068,-9.734147223653808,3.3495926269889282,-2.2753711334791635
2020-01-31,-3.561031041532729,-9.39925529448367,3.4072178635065464,-2.7814985384527025
2020-02-01,-3.1263697329386124,-10.090080462547915,3.3003472096608437,-1.5486838355231447
2020-02-02,-3.0362819985133993,-9.792814227541687,3.365141147572049,-2.1456161476674067
2020-02-03,-3.079208114618084,-8.548942176971508,1.518123891494121,-2.0892725413423956
2020-02-04,-5.879124152864053,-9.406390859592152,1.4858064268675517,-1.850652346703427
2020-02-05,-5.667865061403465,-12.263604571635614,0.994941140208562,-2.898275286123022
2020-02-06,-4.122698467586253,-13.525763001488727,0.7905988161279829,-2.9264997840665345
2020-02-07,-2.7907899808687606,-11.707998401946915,0.35568649705270006,-2.585889149332147
2020-02-08,-3.3774019546705647,-11.695663177860023,-0.7742266191237295,-2.5331801147882334
2020-02-09,-5.851690146020733,-12.336019212501032,0.20125088494237953,-1.8836611376996255
2020-02-10,-5.825077177875595,-11.867356276354307,0.8999413534660891,-1.0421643557388098
2020-02-11,-3.9992394403125386,-12.168908518071078,-0.9345959984805673,-0.92680185388003
2020-02-12,-3.3995068979711216,-11.528216458870176,-0.6829696076115954,-0.7394181464612548
2020-02-13,-4.583676766810923,-10.917708265294435,0.6176787192053093,-0.11014323014980243
2020-02-14,-5.92311135017544,-11.049500916619149,0.21703226400686726,0.6925451374491965
2020-02-15,-6.3187360486568505,-10.265820655090383,0.7655836825401443,-0.32503065283099797
2020-02-16,-5.877497816468749,-10.543018588198358,1.1714925883732352,0.46580002359572725
2020-02-17,-6.413124254117515,-9.879254778160734,1.477125111464392,0.7139317659926738
2020-02-18,-6.194966692976796,-9.577628443645516,2.2941039813812734,1.1115191239139093
2020-02-19,-6.620404822318495,-9.5361232063508,1.59980844854349,1.6030761120302546
2020-02-20,-7.556400807316942,-9.597583579824592,0.9870137407806922,0.3103927705289997
2020-02-21,-7.971090238216887,-10.277338973337976,1.824184354585526,-0.8234289940064352
2020-02-22,-7.640296641039594,-9.430597113170883,0.7649725646775634,-1.799761456038003
2020-02-23,-7.368583309858252,-9.429914865474657,0.7367692734466774,-2.227776822727746
2020-02-24,-5.3341171286219335,-10.865622738083728,1.1011326583405738,-0.7845139396291205
2020-02-25,-4.596753905801239,-10.124870518116301,-0.10378834081883181,-0.8702152830067741
2020-02-26,-5.977648536565188,-9.70189975593791,0.9034681245088714,0.5245405255893839
2020-02-27,-6.401466959734933,-8.771054383236743,-1.3519326138377177,2.001077237803744
2020-02-28,-6.150429179331947,-8.55650837103651,-1.505909296700664,2.138478627203907
2020-02-29,-5.863728099307347,-9.99958244659292,-1.529970668752659,2.6005823677437654
2020-03-01,-5.90989319680389,-8.957348916331991,-1.9644509420601564,3.5263415148036144
2020-03-02,-5.754512222781006,-7.738767072848357,-1.4194259197946972,4.874254472599998
2020-03-03,-5.944904204747069,-6.961480275700485,-1.5340242669232689,5.063390707843057
2020-03-04,-6.0054970307467945,-6.856643582029564,-0.6608904853421991,3.9214003883835145
2020-03-05,-4.745108130725035,-5.121413068004914,0.13853084027032314,4.597143516044512
2020-03-06,-2.806090122875868,-4.7496069342244,0.24752607753155298,4.361768155281298
2020-03-07,-1.8635611800721636,-2.9884201990828947,-0.4594493569793022,3.0330489290940683
2020-03-08,-0.6813949424017414,-3.6621909254868132,0.6201261749885353,2.652486498080539
2020-03-09,-2.1938426556566477,-2.8455356670217533,1.0857363626148246,2.531025715262954
2020-03-10,-1.670490113313274,-3.7453212324731355,0.7864251249525045,1.1524377378613533
2020-03-11,-3.720128986553462,-3.586859910334268,1.9491260849348193,0.6063615001012433
2020-03-12,-3.3030168846262735,-2.934925437886394,2.76165046612578,-0.43312497610370093
2020-03-13,-4.212225439679703,-1.0928467502836277,3.5972404337313835,-0.8779603751071694
2020-03-14,-5.419264182437049,-0.43525206794689764,5.37145145426112,-0.7558289551320319
2020-03-15,-4.619528805022409,-1.2106080643192245,5.3917978220750715,-1.019997860688874
2020-03-16,-2.8128855548591933,-1.674995475241152,5.55179921757259,-2.1064123597759523
2020-03-17,-2.010606934992003,-2.4066232881182743,6.717148669903027,-1.5363438420210276
2020-03-18,-2.2648558865243795,-0.8427419180327558,8.367831312670218,-0.35246858919719637
2020-03-19,-2.987589385428548,-2.0367230854588967,9.009500608615578,-0.5024313752344856
2020-03-20,-3.5257818679463027,-1.6403802199700825,7.65167228030798,-0.10351530932738984
2020-03-21,-2.1911187989553134,-3.976249294817938,7.887864178650369,-0.74083743283868
2020-03-22,-2.1758876697311678,-3.887202926992857,8.299551984877041,-2.4514985680857184
2020-03-23,-2.5067458978325257,-4.589126622111591,7.616693618424874,-3.17872949817961
2020-03-24,-0.2497607833092106,-6.315916375771465,7.803929123789308,-0.9173530398970815
2020-03-25,0.39720188332943707,-5.967986394306402,9.561664976224453,-2.201322300155484
2020-03-26,0.978588678430343,-7.6529742743661995,9.24135543710414,0.9120424022380362
2020-03-27,1.8115921113924958,-7.111979896342124,10.271183618763674,1.0108743239465874
2020-03-28,2.0474323122139295,-8.58763003221512,10.45131270770657,-1.0124507827601612
2020-03-29,0.9486063339540562,-7.524971185576956,11.107172381736808,-0.2733750220929886
2020-03-30,-0.5065007914989956,-7.206369130234128,11.737130233844171,0.00628466581523357
2020-03-31,0.31824849609242734,-8.011224896000593,11.908151338745448,-0.05370634072548496
2020-04-01,0.17187381052281495,-6.975080887227581,11.177824290801851,1.0387039941541376
2020-04-02,-1.1631070433923885,-7.677792972626227,11.219967074733297,-0.740438637604512
2020-04-03,-0.6045905659585669,-7.4527626810053595,10.098346199327397,0.4206196658267476
2020-04-04,-3.8001219182924277,-7.190996031285873,9.795969012149175,0.08678732185467153
2020-04-05,-6.5002521464525245,-7.168582466889426,9.438361460084172,-0.42851403193147786
2020-04-06,-6.758396662644847,-6.221946520994964,8.877992292527228,-1.4670881899210029
2020-04-07,-7.78360224177233,-7.0112005280327185,9.90074086246991,-1.3037548420606695
2020-04-08,-7.744650596354397,-6.274668873533217,9.974146331693959,-1.1019040786249779
2020-04-09,-7.641149456605901,-5.701185434059993,10.058750094153051,-0.6335358936426698
2020-04-10,-9.034378808089295,-4.020455176874821,9.715824172418158,-2.082373462951115
2020-04-11,-10.259643578203763,-3.616546436869765,9.150153260169343,-0.10908400468112678
2020-04-12,-10.406556992940045,-3.0469141340942407,9.533030139988735,-0.7214836392766879
2020-04-13,-10.197801187862801,-0.6811915688190338,8.842249931086451,0.715686863605641
2020-04-14,-10.76463197682829,-1.1458888218027312,8.736242165777949,0.14804323386473062
2020-04-15,-12.140428572537388,-0.43966179265601957,7.812279689918538,1.5025527119675366
2020-04-16,-12.577104117405389,-1.6026114409552985,8.183935587859109,1.4548026123661677
2020-04-17,-12.131508311502426,-2.9253106632127523,8.735083719552604,2.9758863523450865
2020-04-18,-12.721890472292632,-2.5849260216907854,8.291170318943545,3.017161534950764
2020-04-19,-11.722315864012447,-2.081220031789482,7.5798866957268185,5.420731711257622
2020-04-20,-11.541940837573538,-1.4001032378268339,8.450339731827457,5.243035543604512
2020-04-21,-11.311167210289081,-1.8382113535399953,7.428662078235139,3.8978266962042225
2020-04-22,-10.970438550039825,-3.5238079972605556,8.160487437934227,3.3577176374007314
2020-04-23,-11.409488557340799,-4.682448369661923,8.278954864252484,2.3011155725552097
2020-04-24,-11.912394174878951,-4.587887169987167,7.700424443980567,3.026602455598445
2020-04-25,-11.033856081771495,-5.701412917952528,7.209918368237142,3.283621474811115
2020-04-26,-11.058957170205908,-5.264265787207996,6.7976452767433715,3.6590497905914887
2020-04-27,-11.406308548369498,-4.9686454922555,6.538620216105248,4.528281731416535
2020-04-28,-9.940571320286143,-4.293009938331172,7.269621463242942,3.263625086384028
2020-04-29,-9.84825533184002,-4.483605414705275,7.955803270578705,3.746224871210533
2020-04-30,-9.525379923042056,-4.198817975757667,7.340751783510801,3.7967669971985347
2020-05-01,-9.461571623594065,-5.714417770535238,8.019559132130977,4.303298417471032
2020-05-02,-8.884438068726405,-6.11528758360175,7.945587823033143,2.0113392193157815
2020-05-03,-9.280056414484852,-8.350862575495963,8.740522691489147,2.672164085437707
2020-05-04,-10.696545127932731,-7.96382746982157,8.28446891045632,2.795211772600094
2020-05-05,-10.505123716189638,-7.338286152197338,8.134206666429659,2.7656859272859973
2020-05-06,-11.108349873164784,-7.62321844293334,9.36675135277426,3.209410173953878
2020-05-07,-11.046479840395369,-9.157984646993054,9.482567726305053,2.8721221811284448
2020-05-08,-11.547100449533993,-11.577933294229007,9.819125533234592,4.548095388258705
2020-05-09,-12.91563592748407,-11.15961068975247,9.607921118332875,4.369456873508277
2020-05-10,-12.27914504701442,-11.171363493333065,9.819461525369732,5.260907163941101
2020-05-11,-12.335455696043253,-13.118908948632946,9.755486195336799,5.482635602211717
2020-05-12,-12.540066424062179,-11.306423336880714,10.128312449526149,5.774296384761166
2020-05-13,-12.180966253223469,-11.604350060626981,9.219327879164505,6.460756281771416
2020-05-14,-10.39086681140062,-13.579555352030379,9.621528060945728,6.395861867431281
2020-05-15,-11.750818810231687,-13.73131020446415,10.75659877297568,4.465330944789346
2020-05-16,-12.542615006383127,-15.517767433478848,12.360758671406886,3.599831718860613
2020-05-17,-14.183378168238683,-14.387194030581881,13.227709884415342,1.5731717766988722
2020-05-18,-15.285573532745236,-14.442377853182336,13.247759134168296,1.6025027330973
2020-05-19,-16.663713590507307,-12.244542333894438,13.54647294725862,1.0251056944662345
2020-05-20,-17.494802766187963,-13.244466190065138,12.298692487923262,0.177902218975026
2020-05-21,-18.432627845940964,-13.058387828227499,10.941098352642618,-0.4994793123818636
2020-05-22,-18.229667944387995,-13.30069630632648,12.665126977714626,-0.5000800966701167
2020-05-23,-18.350331641267946,-12.522119504656336,12.855959341264125,-1.458536116401799
2020-05-24,-18.715678358154896,-12.590868989227328,13.58479102788291,-1.8326171616635825
2020-05-25,-19.21743835016564,-10.872239343412003,14.433799734137382,-0.6507843732099468
2020-05-26,-20.03485522675159,-10.840430599062165,14.582417719590927,0.09429964319499085
2020-05-27,-20.86455072275308,-11.315391908576157,15.492950642029088,1.110715617725698
2020-05-28,-21.956376394892803,-11.320195152398114,14.102964161030318,-1.8728476119679702
2020-05-29,-20.105216575158355,-11.413186780621603,12.70987640299545,-2.4444048321836984
2020-05-30,-19.068119634506704,-10.339127547435716,13.47317220634312,-3.8140468758488097
2020-05-31,-18.971683441917655,-9.472526624761485,13.288065294613007,-2.6612574829959006
2020-06-01,-17.85052023874267,-9.984631339674406,13.405215438719104,-0.670987644536527
2020-06-02,-18.405896446442007,-11.374243764977464,14.878664247007263,-0.15838889789229094
2020-06-03,-19.367307767434788,-10.192125477046762,13.103755124109318,1.7353192030019065
2020-06-04,-18.46338368717363,-10.706404378549712,12.414361952150315,2.1889556344416157
2020-06-05,-18.921007811645964,-10.976594182497447,12.085816963904733,1.7453876898356602
2020-06-06,-18.731491299538487,-11.021025613960992,12.176169400728764,1.534239076806294
2020-06-07,-18.31154176921511,-10.944553241560467,12.189645191226454,0.6720479987132165
2020-06-08,-17.831996110312573,-11.232912780172295,11.989317105748299,-0.2963726327440599
2020-06-09,-18.266525298156992,-11.293228924251551,11.989785755873184,0.16300684132114918
2020-06-10,-18.23924369913352,-11.545521778133882,15.192681263193387,1.8552676661003422
2020-06-11,-19.35169208291033,-10.700652453652818,15.41236368198162,1.882356700576522
2020-06-12,-18.697621565428594,-8.599355864197303,18.755524969703004,2.0722808954062533
2020-06-13,-17.09174167897497,-10.047653440981268,19.371857341472744,1.7108940120979383
2020-06-14,-17.672504809275885,-10.38257819851022,17.849922427613965,2.043551963813278
2020-06-15,-17.412224843367394,-10.597959481141055,19.210433602329957,2.8953286522823842
2020-06-16,-18.182876678782673,-11.592443361684596,21.387486905381444,4.319549910960912
2020-06-17,-19.72910855213161,-10.538684580767196,20.611549857577334,2.1719189166639006
2020-06-18,-19.24764281018148,-9.318806792998316,21.639711482432716,0.9679722104169652
2020-06-19,-18.989836920418234,-8.043590709683391,21.229071008529036,-0.567391345124288
2020-06-20,-21.108830901292524,-7.771277940456179,21.01325788162798,2.602457162888749
2020-06-21,-19.119832847951677,-7.430383043981459,22.627701323199673,2.6023251826599596
2020-06-22,-22.186145366149958,-8.110784178844426,22.9961967758831,2.2786029810269475
2020-06-23,-21.00306677231754,-7.127633732312918,24.870073508559926,2.5497767923506545
2020-06-24,-21.554074214798973,-7.7490565775094815,26.02008755885666,3.977735900810522
2020-06-25,-22.28072600701439,-7.163503802644068,24.610646421142267,5.6873047716079395
2020-06-26,-20.73336628092982,-6.925575130665846,24.704917576803208,5.538327332635629
2020-06-27,-18.244403846163806,-5.983188586013247,24.795829952745386,3.9247292762037955
2020-06-28,-15.901229540900056,-5.194320702098459,24.53995186031129,5.78002517866822
2020-06-29,-14.332572498539157,-3.9726955600254468,23.468326375740812,6.952559707544771
2020-06-30,-13.246348367205021,-3.807474786000504,25.33970909603526,7.252240246727257
2020-07-01,-12.409025093827541,-6.864576048639435,25.677136312943695,6.673327423949327
2020-07-02,-13.963854212646226,-8.394398331252878,25.614506967484225,7.698622351505383
2020-07-03,-14.908511099324953,-9.489956392901764,27.004595710917695,6.586922925169592
2020-07-04,-14.890195286780209,-8.365228916099284,26.435197447050594,6.190511827050141
2020-07-05,-14.068996089751087,-9.698124407099968,26.001286650320125,6.778074558858325
2020-07-06,-14.3258764821414,-10.1201856393678,26.68540547088711,6.551060387811892
2020-07-07,-13.872448359907807,-11.25302898979189,24.961515667417405,5.969783108515259
2020-07-08,-13.232981749694778,-12.132233272587927,23.84153433115772,3.827304107764165
2020-07-09,-14.736318053208933,-13.565574737587179,22.38954153499302,5.027954108421502
2020-07-10,-17.151225757350833,-14.515225926909231,21.579789006610852,4.493210218539822
2020-07-11,-16.820704791198043,-14.918643621364195,21.161121852361635,4.249162787124455
2020-07-12,-18.246210724315276,-14.984911192092412,20.925060856758876,4.732745449808896
2020-07-13,-17.936498571252006,-16.68739312190659,22.23316034978908,5.165005726611924
2020-07-14,-19.446968337412226,-15.16125066941499,21.49268922824333,5.627087206757294
2020-07-15,-18.112076694338725,-15.976459964951871,20.161070487236696,3.9833805746792312
2020-07-16,-18.440297477187062,-15.457436500441085,22.401982955567295,2.8523727485749677
2020-07-17,-17.733076897610157,-14.123102760062011,22.245343832317918,1.7989260132921223
2020-07-18,-19.180193875059736,-13.384832164088797,21.72407685087847,0.7585334740717304
2020-07-19,-18.710915506962532,-14.119581611807329,22.278042295448934,0.6755641354476128
2020-07-20,-16.29046096891962,-14.25599760692025,23.608785788380356,1.1633894118353316
2020-07-21,-16.21985699381488,-15.25487866246842,23.50165105476813,0.6371322754068321
2020-07-22,-16.15797262960674,-14.064096752473633,23.902741893630846,0.25488157412230156
2020-07-23,-16.596577601435843,-12.887137869673666,24.580926325899416,0.838556388364184
2020-07-24,-15.120113087738568,-11.9256046301215,24.411420029019297,0.49388180612067284
2020-07-25,-16.064585986767412,-11.574600514554497,24.22205207337303,-0.4768487510263148
2020-07-26,-17.72905750755462,-12.572250801626549,23.86352967546102,-0.7192002686135357
2020-07-27,-17.621515153633908,-13.410437460593133,23.717355095901425,-1.906993927808778
2020-07-28,-18.302337006296025,-14.215729350682633,25.2235213137999,-1.8868434664746943
2020-07-29,-17.00090664064657,-12.295523380390865,25.119607707733724,-2.941808920642843
2020-07-30,-15.926905288707516,-11.827699119792085,23.490110843683134,-3.8913014879563397
2020-07-31,-14.474828446430385,-12.143418511910607,24.406276741000735,-3.8778814728620823
2020-08-01,-14.54040314183017,-12.768010232550408,23.30222909574078,-4.255021056444743
2020-08-02,-14.267181154111338,-11.024038504840192,24.33569781594313,-5.54281156590197
2020-08-03,-15.414001086923902,-10.220791334400015,22.6300905770225,-4.872181418677761
2020-08-04,-16.585600999632632,-9.787768877004398,21.599840362591248,-4.289086559936725
2020-08-05,-16.450462948972476,-8.9582530438006,22.914347243558332,-3.260410614814308
2020-08-06,-17.592197067608552,-5.519269543487396,21.612019315433987,-5.573550134684085
2020-08-07,-16.552349830608406,-7.802693942095842,22.621931966506306,-5.720372542177191
2020-08-08,-16.175071283231944,-8.345153559871394,24.13000132799003,-6.200179904465746
2020-08-09,-15.897986355670936,-6.3584255129201495,23.631594317980703,-6.783718356084878
2020-08-10,-16.476109883602465,-5.196651982880707,25.213868549175796,-6.537665663228378
2020-08-11,-15.365827420788243,-3.660180736463955,24.611465656581178,-7.091528664406375
2020-08-12,-16.3424820864915,-2.491669902019386,24.640406253932834,-7.863396821198453
2020-08-13,-15.219683113314751,-2.3985378722970885,24.68713785914551,-9.377314460007103
2020-08-14,-15.587366873541134,-2.2536322216413116,26.14356921694121,-7.640803761884392
2020-08-15,-15.722387558178053,-3.4992435046872834,25.12127075100734,-6.6174510010639125
2020-08-16,-16.488882305508557,-3.536845060117489,25.88975111215465,-5.531457465264807
2020-08-17,-17.81909765238492,-4.237315212799779,26.87508883351094,-5.567616123995927
2020-08-18,-18.17953316313804,-3.8771951081592277,27.361440321454918,-6.285494354234687
2020-08-19,-18.228779770288263,-4.225141388509205,26.195111942921837,-6.409650598828922
2020-08-20,-18.989639821376652,-4.052498674264859,27.317203009688633,-6.286628173909005
2020-08-21,-17.676024071238,-3.4991061468212283,27.521888532722993,-6.69892508804166
2020-08-22,-18.889982124326906,-4.176632143787181,29.463659887367655,-6.163875136165407
2020-08-23,-16.800880778722245,-5.516109423936885,29.666258885874342,-5.268197222843915
2020-08-24,-15.574688680928098,-4.907624297278705,29.436225534985695,-5.109294410417555
2020-08-25,-15.592505045915587,-4.99262984383977,27.394048672972428,-4.2497790513487965
2020-08-26,-16.907705593600237,-2.5150802127112324,27.990498929722783,-2.9466698068992097
2020-08-27,-18.968923316767253,-1.511262498874741,25.963605328892932,-1.252042246308699
2020-08-28,-20.345354155561672,-3.043690421948461,23.92258947419453,-2.6744870130333784
2020-08-29,-21.486446273201853,-4.217473048395647,23.609752029759093,-2.1445204532779605
2020-08-30,-20.041252805854615,-4.499060124183612,24.073231538477806,-2.1401051352950815
2020-08-31,-20.149160124227695,-3.2967173811945854,25.59733634678062,-0.9360168077716282
2020-09-01,-19.763031759327735,-5.100698355636901,26.307208079752503,-1.058046374753074
2020-09-02,-20.90832273187725,-5.92913718948922,25.615111037071646,-0.6255950720362484
2020-09-03,-20.944466445806096,-6.698555732707312,27.140970366067833,-2.4945080932116994
2020-09-04,-24.0584880722496,-5.020940989542741,27.99664053459933,-2.707274417494391
2020-09-05,-23.458904242693556,-4.679517946437244,28.66075946720187,-3.9420334747619896
2020-09-06,-22.401935784349288,-5.019003746560258,29.123223843682297,-4.750817354120069
2020-09-07,-22.83915508155859,-6.522394452089705,28.008314745328427,-3.4576610781112196
2020-09-08,-23.491239992250232,-5.5994025566871715,29.60201669590318,-3.458596499439037
2020-09-09,-22.7840339188701,-5.278185827728645,30.825173739124143,-2.759284534025977
2020-09-10,-23.52516449546914,-4.7936048631519474,30.899098988988875,-4.2881214104575065
2020-09-11,-24.2940850641558,-3.074365595833154,30.00249662265389,-4.176101123445324
2020-09-12,-25.08448229573608,-3.7246973024773897,28.95173898877355,-3.2873127620016867
2020-09-13,-24.92107302690879,-4.781267137854553,28.31972606836829,-2.281963345871193
2020-09-14,-23.593625606311726,-3.974628087498717,29.915267224088062,-3.6386550467024934
2020-09-15,-23.657274264234786,-2.7879912422845115,29.98673620194042,-2.9033040693419645
2020-09-16,-22.77869169985987,-3.6073380174102474,29.004763311598552,-3.3972865232922933
2020-09-17,-23.784158716279602,-3.962946539139976,29.474255700462344,-2.3250971559237397
2020-09-18,-23.5794822528703,-4.942309735764902,29.423249444089386,-2.9987478264894487
2020-09-19,-23.814460740867535,-5.791252847249961,30.456235563486924,-2.534015031745696
2020-09-20,-23.342549825077132,-4.273804924924196,30.304244794374956,-2.7061698012704665
2020-09-21,-22.08699771902629,-3.6983470542312142,31.011010105643088,-2.807916125137753
2020-09-22,-24.031352066961176,-4.997388005242235,28.856070392019223,-2.3801937007722156
2020-09-23,-24.131713851324157,-2.933576868996047,28.092406251334545,-2.770349649786503
2020-09-24,-25.28276140018868,-2.2739765319259244,26.996767006057695,-3.1506300910153024
2020-09-25,-26.022273144781522,-1.7417770031609683,27.278831871376397,-4.446981476309205
2020-09-26,-25.664644611256364,-0.7212317350721233,25.82242690634974,-4.006121279445048
2020-09-27,-26.839252993665134,-1.103302573465983,26.790614877189316,-3.4722397346144986
2020-09-28,-27.098469459820013,-0.8195974470827514,26.899069302087096,-3.8707147975653347
2020-09-29,-25.804027783021716,-0.9466892771264793,25.353627853216484,-4.056051007627018
2020-09-30,-24.807690338884505,-0.9338740414646982,26.91440341995945,-3.472689974090962
2020-10-01,-23.111285639344437,0.27350295241889255,28.071367556525654,-3.1995629901346145
2020-10-02,-22.777344462209587,0.1296477103976757,28.701827635486072,-3.5470721295951533
2020-10-03,-23.482000067320563,-1.2264196067336335,28.01076862024986,-2.9573144243813907
2020-10-04,-23.568393639329948,-0.06256608178726397,27.250407313430117,-1.4490851868462642
2020-10-05,-23.400881357805858,-0.5231523115100115,27.76068352815782,-1.7349733923162431
2020-10-06,-22.69201951453267,-0.40719491060587726,29.542179935824027,-2.424437266479898
2020-10-07,-24.364827805547655,-0.0736140520204826,31.36487726462132,-2.3737757208455212
2020-10-08,-23.7284857147357,-0.2924181022888336,29.839133090069815,-1.8149263580579755
2020-10-09,-24.41343328689516,-0.13655642897956047,28.940758310179152,-0.6925994066113381
2020-10-10,-26.530875431079536,0.3518609334332923,28.811009546389926,0.7678741630574444
2020-10-11,-26.58250282256288,-0.540602458447132,28.969875528755004,-1.1843435856229905
2020-10-12,-28.742641856846454,-0.6301875432077199,29.701580553864716,-1.4118764754458988
2020-10-13,-30.148313394048184,-0.6018949004090285,28.22220407972372,0.31500543763970756
2020-10-14,-30.276414588725487,-1.2150367326781761,28.016427942435065,-0.27171014267415416
2020-10-15,-30.093371357053424,-0.9124858428721359,28.874718546839127,-1.1843013051813416
2020-10-16,-30.65617218771097,-1.1552121240503097,28.57602880048884,-2.6896639059957916
2020-10-17,-31.90374872410614,-2.7185135293001723,28.452135788031764,-2.4738407338647583
2020-10-18,-31.6841578964268,-1.5387649443688152,26.916412029276575,0.5094421489742276
2020-10-19,-29.94808075553472,-1.5561727200576285,27.79844301889191,2.1471486483625046
2020-10-20,-31.43433009170514,-0.6366119327902672,27.499578553851695,0.6215704377465967
2020-10-21,-31.35305102372123,-1.7163551513762827,27.155385820997118,1.2354097297314868
2020-10-22,-30.693540003128895,-1.3313392512714923,26.721541507233123,4.070812748885322
2020-10-23,-31.588897264785224,-0.7753047741759581,27.31022522494791,2.724378221120981
2020-10-24,-31.695510785906798,-0.6094634243490414,28.211308577538976,-0.33861323672015375
2020-10-25,-29.68172259714905,1.2677591250558509,26.919649664049427,0.6245363038287478
2020-10-26,-28.249293688191514,0.12469982275289682,28.203224843649636,0.3294552129503939
2020-10-27,-26.66267131477874,1.2458380658810533,28.290268300319457,0.13454017106055702
2020-10-28,-26.232118916656972,-0.5365788520303851,27.694951286830307,-0.8144959833885869
2020-10-29,-25.47116828792208,-0.38570757578226367,27.622083729237293,-1.6666186422869478
2020-10-30,-25.217305714469774,-1.3791988520219876,26.912609742929284,-1.4883581392636527
2020-10-31,-25.69528583298301,-0.5996626463872853,27.25607006446443,-1.483384138205514
2020-11-01,-24.37141919996893,-1.5427757046986514,27.280852422374764,-2.475373392038925
2020-11-02,-23.10742523557844,-1.4765966677527926,27.65133299349319,-4.05522411419712
2020-11-03,-21.20453280124439,-0.7174339816806,28.474691634291563,-3.511458755369346
2020-11-04,-20.93860748631003,-2.800827067709107,26.57302465634349,-3.857170618817948
2020-11-05,-20.128531092399832,-3.8752454564482823,25.60672633618503,-2.7672126642565837
2020-11-06,-19.649573153940462,-3.536347327991323,25.858046075569604,-2.5489020478694604
2020-11-07,-19.169646481777576,-4.430384335652347,25.931973904067753,-3.977614105876466
2020-11-08,-18.934182139290954,-4.314977389262834,23.68762478999884,-2.2674502384160906
2020-11-09,-17.104112284508055,-3.549422237206566,25.55925040690937,-2.2330851067299378
2020-11-10,-18.47639225311143,-2.867658028509896,26.03565727742537,-2.414074632249395
2020-11-11,-19.995889578595257,-4.478716823866783,26.772849308404457,-1.569209746688955
2020-11-12,-19.204865940684737,-5.244720244482848,27.025354931668268,-1.2367355852056736
2020-11-13,-19.316628395870687,-5.908518336471854,27.729805918200874,-1.2769604572666529
2020-11-14,-19.908003815033034,-7.277003663002253,28.141559139353582,-0.9314694019581922
2020-11-15,-19.997874784337725,-7.230827590756701,26.765711024506416,-1.6090919962102208
2020-11-16,-19.120165898089788,-6.25717137685182,27.16847347458996,-1.0483384718502018
2020-11-17,-17.726790214020113,-5.966070434959712,25.938552128383446,-1.3933530642654064
2020-11-18,-16.54932787590605,-5.22268358552563,26.98285367963337,-1.7142707906724233
2020-11-19,-17.31950226389151,-5.791765344450623,25.29135406772809,-1.354167578986802
2020-11-20,-17.240364754690344,-6.5150341526585205,25.154187489708796,-1.9483381056577147
2020-11-21,-17.207033275627875,-6.469852577582702,24.677303849406194,-2.0857708591234285
2020-11-22,-17.429484746661892,-6.3760743120490515,24.289445075472972,-3.8438353526776714
2020-11-23,-17.12024896138482,-7.062702148446092,24.316254100309095,-5.0410039342437925
2020-11-24,-18.496412971387553,-5.5913358220053135,25.186033301514637,-4.283783568142118
2020-11-25,-18.732403946329246,-4.831770707744427,26.636565931138968,-3.4661395291271075
2020-11-26,-18.352553618340135,-5.072401110576676,26.9400685026611,-4.23355224318375
2020-11-27,-17.71271572912216,-2.3139649085549334,26.30158897930852,-6.147034879238321
2020-11-28,-16.685321269675033,-3.9552823731628033,25.569890278312464,-6.746653578891602
2020-11-29,-16.98393637525712,-5.4902716792855,27.334422967075888,-6.79408722520468
2020-11-30,-17.871482411547966,-5.553403627623536,27.647859387150014,-5.680184704812487
2020-12-01,-18.095186537327056,-7.531593406405797,25.701124904783356,-6.252958577587255
2020-12-02,-18.790490496795616,-6.978290254537132,26.381079577633795,-8.217290238421606
2020-12-03,-20.304569923808934,-7.591638003981411,27.67171253950758,-7.935325339961891
2020-12-04,-20.576440280320533,-6.632539099621233,25.489484694045675,-6.607986252389206
2020-12-05,-20.57894544452245,-6.474048853877715,25.028141663403385,-7.801814724756531
2020-12-06,-21.129921601185167,-7.319440056646336,25.18796970619146,-5.437957049947234
2020-12-07,-20.719493062974117,-6.537835732736042,24.16469451998123,-4.052468151099596
2020-12-08,-22.098607864063514,-5.282531669100217,23.352421423153956,-4.275174827986462
2020-12-09,-20.754986077041682,-7.704097790050944,22.583409265140325,-3.9605410454596
2020-12-10,-20.312478570981252,-7.196644955765517,24.647391490665463,-2.6652734316390547
2020-12-11,-19.581086219744687,-7.04479021608387,24.770884754688247,-3.816800772686075
2020-12-12,-19.049200778218545,-7.768311462280598,24.627626542709113,-4.659592622627283
2020-12-13,-21.65374916935846,-5.9212594030880155,24.691326982781284,-4.956213743966981
2020-12-14,-18.484769556332505,-5.285166823325297,25.62104995267966,-3.9418004567613663
2020-12-15,-17.498618800188257,-4.184028368675983,26.76484949547228,-3.947894752342125
2020-12-16,-18.062572307841247,-3.8627258141603114,24.79118322203101,-5.312591352664405
2020-12-17,-18.88183225939185,-3.2066657039207502,24.784944755510573,-6.366095713472631
2020-12-18,-18.908013707025333,-3.271186426588957,25.85199820411499,-7.067467826948629
2020-12-19,-17.80035347003667,-4.295074537431207,25.51274666652686,-6.655954236591333
2020-12-20,-17.590555401440977,-4.13604620275511,23.509371560634133,-4.835335258603935
2020-12-21,-18.031292323536483,-4.585918039693285,23.49729267245187,-5.5950459362003455
2020-12-22,-17.449973279714452,-4.640110610386683,23.139177605231072,-5.963685260263767
2020-12-23,-17.342319714777304,-3.9855109014850534,22.994027722548356,-4.111383383468957
2020-12-24,-17.189299748958966,-5.618840740282019,24.03479802201331,-5.025007749675089
2020-12-25,-16.185198294039484,-5.324002413513576,23.74975292837248,-4.881469265672108
2020-12-26,-16.844631605346716,-5.1803027091579565,23.584100144294986,-2.6896366921830643
2020-12-27,-15.83743670470557,-6.262792773861165,23.98064111020923,-2.5964885755347122
2020-12-28,-14.964665261686175,-8.173807598344913,24.913274541493784,-1.6872167705927326
2020-12-29,-13.382438801222683,-6.953906574094729,25.50807973077266,-3.646784703496388
2020-12-30,-12.46650500436696,-8.21203244048364,25.53477068700815,-4.537510967713629
2020-12-31,-11.796030268101763,-8.98706219691506,26.555419081638707,-5.657597403793536
2021-01-01,-12.775381757093148,-9.719701450976789,26.157212403853414,-8.519482929401052
2021-01-02,-12.544983050699658,-8.486338839804397,26.66645502117634,-9.779263605334366
2021-01-03,-12.391502303355136,-8.599764555332811,24.878643024198325,-8.439070826707614
2021-01-04,-11.378847572159625,-9.206268497483151,25.26219379419651,-7.845489335384966
2021-01-05,-11.311545439844789,-7.478561006685009,24.46959204950636,-6.047748064667165
2021-01-06,-10.812606624268529,-8.783842901591079,25.327265365681956,-5.421207655743558
2021-01-07,-11.127296949783867,-8.878311834254555,24.565041865938067,-4.758266154633826
2021-01-08,-10.527071984769327,-8.568943923557118,25.29577877799736,-5.978754629212162
2021-01-09,-10.512014117811283,-6.591583514001609,25.01155144542194,-5.780690058315061
2021-01-10,-9.589911960646717,-4.0981563147321625,24.03286353778676,-3.894664032060546
2021-01-11,-8.965209529833027,-3.3151635181915267,23.629833968943164,-2.2415600158109097
2021-01-12,-8.045993287629539,-4.194112887632652,22.500655992474744,-2.8506698867719424
2021-01-13,-8.060016116190615,-4.23419382070923,23.846552964140578,-3.954972230791682
2021-01-14,-7.758657152843785,-4.205510551463336,23.965489173149468,-4.1725347016038015
2021-01-15,-6.753472006540555,-4.026926142480142,23.245084032470338,-2.7664731057750895
2021-01-16,-5.351894117740695,-4.163685814908763,22.348016866839195,-2.9250642018714395
2021-01-17,-6.286866178101791,-2.4888078785913788,24.448570216255444,-3.4258139143050053
2021-01-18,-6.386963097196328,-3.4178338198586204,24.010525377735483,-3.745539489188798
2021-01-19,-7.71372901501222,-1.9295935495539982,24.63798306521483,-4.501352990098603
2021-01-20,-6.445509243625896,-4.519120851950002,22.524459683242085,-6.228285820291122
2021-01-21,-6.262334782946557,-5.069647778822863,22.60723253373962,-5.574928605158184
2021-01-22,-6.693888453886639,-4.588996367280053,21.39064351189056,-6.012862831191757
2021-01-23,-6.814691840205279,-4.406528420049319,22.277746460507032,-4.551793700039228
2021-01-24,-5.803928945798949,-2.6453852056886467,23.030041231694792,-2.708511411171167
2021-01-25,-3.71879431996848,-0.9871618924274261,22.962692648336265,-3.2635453760098443
2021-01-26,-3.805390506038338,-1.9986504495687318,23.055771870116825,-4.48358016532514
2021-01-27,-4.062198331686576,-2.1918469273872727,23.383807332184457,-4.325537304772869
2021-01-28,-3.5358286756696318,-1.7207483509006116,23.553617892892934,-5.027424678768713
2021-01-29,-5.457956559887654,-1.6946322769462168,24.2071076821107,-4.336441421150439
2021-01-30,-4.314797113304072,-1.0771690321377276,23.913057651453684,-4.0761827605666205
2021-01-31,-5.079984406255413,-1.058426521852895,22.620533132062054,-3.9305684600012203
2021-02-01,-2.852470416129502,-2.9337450730770636,21.368865013746,-4.431008934534468
2021-02-02,-1.941706565572638,-1.2754579402672357,23.071712706312958,-5.635656470937049
2021-02-03,-2.8721992648171932,-1.7108563337772402,22.360747116675668,-5.09585360209987
2021-02-04,-3.4153293877029336,-1.7457259269831862,24.02529120259491,-4.514619781653511
2021-02-05,-4.089854665874031,-0.8648248777775622,23.06198557174578,-3.6881537716245845
2021-02-06,-4.619830773117354,0.06936320531957019,22.610002318590972,-2.877906119881868
2021-02-07,-3.283447748655297,-2.3701437945626136,22.391519993990393,-3.096692859669385
2021-02-08,-2.6973234247356377,-2.620813504673715,22.521504128674124,-2.9223244972876667
2021-02-09,-2.731024712886097,-1.0700269461005594,22.151419451116418,-1.9840714549877219
2021-02-10,-1.4670032068245549,-1.5811018804870762,24.738287868323212,-1.5503095665728748
2021-02-11,-1.5536175002535457,-1.4130073360719295,23.858803872411173,-1.1957700270669243
2021-02-12,-1.2852560239083721,-3.029473933588984,24.20973999516892,-0.5058979996612831
2021-02-13,-2.0262184281316844,-3.3301054013449534,23.719469065453584,0.633480078808172
2021-02-14,-2.4364551568787842,-2.2636006185978665,23.30582310268994,1.3663985578762405
2021-02-15,-2.599017674984493,-2.649696783613304,22.218812473013028,-0.40562535376086784
2021-02-16,-2.287605735776729,-1.4646973408275727,22.499903762872215,-0.6578342637320969
2021-02-17,-1.507869573662607,-2.748566081679646,21.588189464060505,-1.0961484852903207
2021-02-18,-2.6619613426727105,-3.465102254971921,22.97613339250914,-1.6050989200247519
2021-02-19,-3.218219955293865,-4.637361783519242,23.274925864622613,-1.2495457638310565
2021-02-20,-1.8511309831752771,-2.8072639618916306,23.072673508854333,0.15808441980747
2021-02-21,-1.187792247190869,-2.74974097020608,20.911358141294926,-1.33222336543668
2021-02-22,-2.4455183427325373,-3.1495273209220733,22.079162642306464,-2.2600020075719587
2021-02-23,-1.0098551718788424,-4.459526223764098,21.366537674405997,-1.2485469012824668
2021-02-24,-0.7543949117439932,-3.346674890463804,22.399679046364852,-0.4833202129739149
2021-02-25,-0.8234633435870367,-3.426493718395555,19.704591282437214,-0.3650002774165392
2021-02-26,-1.4062971239073392,-2.7377210945453663,20.079200709004102,-0.3464708699561275
2021-02-27,-0.8037525615624032,-2.1369806531945637,19.594957192053023,0.9114308258465803
2021-02-28,-1.2143020022681095,-3.7423641531330984,19.070772789436617,1.2813405106507352
2021-03-01,-1.5390252567588127,-3.9543652838900667,19.373274093382054,1.3114765343362687
2021-03-02,-1.8937856270241782,-3.018403666856624,20.112916329382468,1.5176337877919064
2021-03-03,-1.2281087371320345,-3.070512237979048,21.225108659326853,2.768135371485692
2021-03-04,-0.9599758638453941,-2.3683353917991226,20.532647034914394,3.948363416485475
2021-03-05,-2.1553660401729298,-1.552106534819031,20.531047681124356,5.827029006179451
2021-03-06,-2.9857554861414073,2.2066168410518445,21.051620704346444,5.676780002338619
2021-03-07,-4.5504231348572866,0.39465706447579496,20.47596938927992,6.915951943787817
2021-03-08,-3.7729427371475945,0.6438391631206419,20.65215476915618,7.01287135172381
2021-03-09,-3.1567187574203657,-0.7912365911703132,20.60057162866389,8.015181823713135
2021-03-10,-4.1307437848399315,-0.7532839986208559,21.211976237901055,6.953727538611904
2021-03-11,-3.4381518094971826,0.05335580909712423,21.047838219153356,6.948686822765994
2021-03-12,-5.547597369833415,0.6818357709938205,20.723413717638273,5.138124370047604
2021-03-13,-4.3416033403669845,0.07042437512037802,21.106048943593287,4.624760587494082
2021-03-14,-2.749125189491349,-0.448690270394807,21.01238002075152,4.4472782105197055
2021-03-15,-1.1675882588871427,0.6476236087641984,22.16069832277183,4.223433398108676
2021-03-16,-2.7001526589037534,0.014954639507434475,22.664973800330525,4.957388946881559
2021-03-17,-3.3413830815287673,-0.4102697327336794,21.901076495446784,4.478122363109563
2021-03-18,-4.331297955609228,-0.9609166931747184,22.191122398590597,4.062337782023838
2021-03-19,-3.6084260143452616,-1.5238570531510747,22.88688423253852,3.3697124600207244
2021-03-20,-3.230959686760481,-2.040116756017691,23.57860036840134,2.90279579927316
2021-03-21,-1.2081672086055306,-2.941722332632707,22.34877999910538,2.845556227736091
2021-03-22,-0.2924524177022093,-4.1536498856303155,21.40953995066298,3.2680455910322554
2021-03-23,0.4331915117697869,-6.5031403261893885,22.568201157086826,4.150046193550644
2021-03-24,1.0658821682640036,-5.7184914883989375,22.392613305477816,3.616119465735235
2021-03-25,1.465821447606065,-5.8608244956891005,22.846678571715024,4.205439440693071
2021-03-26,-0.6340655021569199,-6.846939328196618,21.82647118982065,4.643815462720161
2021-03-27,-1.0215451742634645,-5.663531940235925,20.762764684471282,5.791151780944746
2021-03-28,-0.6520021086372172,-6.545731414148116,21.387453233454764,7.046760046733537
2021-03-29,-1.5435962035544633,-6.999169857153207,21.463050437033516,7.206220964738544
2021-03-30,-1.122280110130542,-6.54082435486392,21.90908889977778,6.515656388721443
2021-03-31,-0.4042294756792527,-6.477395384535038,23.56306233593765,5.937862344313503
2021-04-01,1.0562059131607162,-6.441113403910022,23.367100920871817,6.120203851051921
2021-04-02,1.1802603802601443,-6.162282721490161,23.746667546509762,4.835888359489587
2021-04-03,0.2067074608969951,-6.059208075440205,24.522583547885983,5.677300449274735
2021-04-04,-1.4599730282731969,-5.477564980951874,25.982981434609705,7.924543329210941
2021-04-05,-1.5299686046411025,-5.6896623440202765,26.057746966990972,6.719886139576919
2021-04-06,-2.8475561520143273,-6.698981499508321,27.752361932045748,6.503190498761554
2021-04-07,-1.7992251386984717,-6.964666640069983,29.424359200561526,6.51677528863432
2021-04-08,-1.193169273243417,-6.95566816283925,30.387133138839907,7.381724998671978
2021-04-09,-3.5660719810530472,-4.867496462167183,28.83025536126832,8.166876776377446
2021-04-10,-5.5155446459367905,-6.438584290964287,28.04235626302203,7.27505155322343
2021-04-11,-4.380480456547715,-6.381144297982006,27.18616206942511,7.404421532962439
2021-04-12,-4.214092605771292,-6.643379310471855,28.63251581761172,7.247234654620026
2021-04-13,-2.406401228300085,-9.387521419656382,28.603127149132835,10.295195416344216
2021-04-14,-1.9126675805646773,-10.080949116838566,29.611785521129317,9.43153633214811
2021-04-15,-3.353603768405309,-11.771517274248891,30.461478399411618,11.325703697356627
2021-04-16,-1.8484736093799574,-9.558091553753943,30.21446817601395,11.605120256226213
2021-04-17,-1.4256554005508346,-8.368559592660299,29.116926024917586,11.685461796738275
2021-04-18,-1.2720623865992458,-7.109113588138156,29.04715651721818,11.242413053153264
2021-04-19,-2.2143936921477136,-6.6453607386596385,28.23648069632374,10.26643262270697
2021-04-20,-2.2282179600325147,-6.6056372199536515,29.209933139667854,10.647233634342907
2021-04-21,-0.4672947829261531,-6.8282995284856325,29.35093014937774,9.564586979566858
2021-04-22,1.365305501712933,-5.6659611438084685,31.54577211358543,9.162042666797962
2021-04-23,0.42154578326076686,-6.7634610146208045,31.971499174593085,6.9416306247629045
2021-04-24,0.8540231363583137,-6.984980871682287,31.710016951262254,7.572545276505889
2021-04-25,1.8172675350514145,-6.502007010468131,32.18263036963836,8.524034736594789
2021-04-26,1.7821956059436397,-5.750146179213208,32.611630603271074,8.483329156526443
2021-04-27,2.381935855534776,-5.890678284322904,31.318895041724364,8.256208982983
2021-04-28,1.0304225593737257,-6.9909766539442035,31.13377369502036,9.523494430064751
2021-04-29,-0.012701982408831025,-6.997173907271834,31.653812286111688,10.248052760433627
2021-04-30,0.16594735616646042,-5.8579349657833895,30.857031636228932,11.095661441082562
2021-05-01,0.6307243095103718,-4.307526032299814,28.708247051074448,11.13846675896451
2021-05-02,-0.3904687803814686,-4.571550930969453,28.25920480392044,10.799254360249199
2021-05-03,-3.1212249385275896,-4.426860091334387,27.614784006615075,10.568176666376552
2021-05-04,-4.5956832709930975,-4.548358170370565,29.708269329771063,9.965473753750171
2021-05-05,-5.295795007577434,-6.278123390807678,30.367587990105253,10.111977776647048
2021-05-06,-5.410131596025269,-6.142205656160553,29.23833102903404,9.56504613582025
2021-05-07,-5.413559484342716,-7.20658965943217,30.345730405525288,10.165279212139597
2021-05-08,-5.923053024119723,-6.634996341353367,29.693153258536455,10.078794825790391
2021-05-09,-5.737928074872176,-7.2291901633131275,29.649753343224937,10.733065833173118
2021-05-10,-5.275997049200889,-7.706928101530518,30.773490887317838,9.5412131681392
2021-05-11,-4.149673830992464,-6.207489296337184,32.29433447494964,10.941565511815913
2021-05-12,-4.396178002887604,-6.423169742324303,32.309880718704775,12.23584720524963
2021-05-13,-5.679499080233002,-6.340401686069346,32.81767174930804,12.838695781924743
2021-05-14,-6.051116940073275,-6.947054837132106,32.596131768691464,11.549305363702487
2021-05-15,-6.737760803020415,-5.81641963217262,32.45256211558815,11.27806599243126
2021-05-16,-6.052903078662046,-5.746044016708104,33.34033099338941,13.699242616694605
2021-05-17,-4.6311979992723415,-5.519100125425042,31.637404665325963,15.96016834167088
2021-05-18,-4.672486298895616,-4.47654986268323,30.97857876392488,16.19106073595792
2021-05-19,-3.3995738198219043,-4.825788242535812,30.679623470840657,15.917998463112864
2021-05-20,-1.5137827517183882,-4.331222273597755,31.79610246596591,15.463640842417325
2021-05-21,-1.4730288519881127,-2.662634082985426,32.07390061102819,15.035764035661888
2021-05-22,-1.26009519099253,-2.170976902139638,29.996482316268413,15.919539124114026
2021-05-23,-0.6092680596702913,-2.4134637777684174,31.009335615630967,15.77405708171933
2021-05-24,-0.7991706481177524,-1.7969790917298627,29.92305716779395,15.64841705635515
2021-05-25,-1.6203902422716623,-1.4421441330509963,30.20924422866618,17.46811338842591
2021-05-26,-1.4776293818976138,-1.307193650674359,30.940387765142706,17.763169951001533
2021-05-27,-1.428129176164712,0.18366800132549388,31.066244224304818,18.953608553991295
2021-05-28,-0.511016326053366,0.9198369900325769,30.997165872497337,18.793405013009462
2021-05-29,-0.8166188830771492,1.3713894938985738,29.416766144615742,17.913871738536017
2021-05-30,-1.5013870940148544,1.882760070693291,30.93760395364086,19.37807002619516
2021-05-31,-2.3651171134186386,1.7141933857792901,29.892709077495184,18.85093835687421
2021-06-01,-2.1797330632132925,1.6978752773107093,29.984014213272314,17.971825053880846
2021-06-02,-0.9876865436192073,3.240544272360618,30.177808830931507,16.56433999229018
2021-06-03,-2.937776493534169,2.4176269577892717,31.74368825338992,16.855868435021687
2021-06-04,-1.6927365668533783,0.9405556731260154,31.253072284936255,14.741541721109488
2021-06-05,-0.4090494050618374,3.1054332689885475,32.20184081293461,14.778532354304716
2021-06-06,-1.6867938360135215,5.224286727720189,32.56548802479693,15.808338261843222
2021-06-07,-1.5340908124657398,6.3888671533679275,31.905386210543416,15.598019217111016
2021-06-08,-1.1633950229458345,5.823562077902284,30.738073196179144,15.672944416933344
2021-06-09,-1.1515946264374235,5.33090167888067,28.299951673969023,16.48301362997864
2021-06-10,-3.344894197945824,3.5200569080816377,27.822584244644684,15.088924902443534
2021-06-11,-4.154248188414714,2.840141529768007,28.53338225975774,15.324448159755995
2021-06-12,-2.4250700198936777,3.436540805001889,28.468884975762798,16.331857352471353
2021-06-13,-3.4521685123751054,3.1113632969920806,27.956061092194407,16.069902711003028
2021-06-14,-2.5434960445681294,3.3146056644686293,28.37586781649089,15.257062069538751
2021-06-15,-1.6444963488540492,3.6034299846311266,27.58483651626351,16.76523093419318
2021-06-16,-3.0854996013771396,4.273999123277667,26.2773222315603,16.71710023408913
2021-06-17,-4.364692369669245,2.4503975331662975,24.117164548122265,15.016259299709088
2021-06-18,-3.928373581765235,2.166815657999478,23.280659683816122,15.503713803912866
2021-06-19,-4.386146504261374,3.389905369791204,20.824749773073755,17.178610000990954
2021-06-20,-4.339695867515306,3.2347869154361026,22.771332958667635,15.236212288034498
2021-06-21,-4.343681001175617,1.7738672919414387,21.617290675170455,14.489612806904685
2021-06-22,-5.260782691810471,0.08820607886710974,21.43685776083409,14.588526383550175
2021-06-23,-3.3792537645601,-0.7405435392656371,24.588142843160377,15.937096672165069
2021-06-24,-3.9579432302558377,0.6178237970194626,25.209549996619145,16.82388623351105
2021-06-25,-2.6100452071786417,1.1944328144483953,22.435294394441435,17.449270982010717
2021-06-26,-1.2430324048645394,1.4353887848334,22.294271368851852,17.794169132804385
2021-06-27,-2.9525607018520557,0.2601128145460603,20.32333186842217,16.262586001581663
2021-06-28,-2.4118122115836482,1.065123134906151,21.238303748298325,17.069156752225524
2021-06-29,-3.1018541910993687,1.588664727911521,22.10517023610033,17.681211813875375
2021-06-30,-2.7036253625633817,0.662135931407749,22.885905712352805,17.022195083357396
2021-07-01,-1.1198732544119074,2.0379723506917005,24.609248970927915,17.540204115929953
2021-07-02,-0.016194550811629238,1.7740631688983337,26.1235746177741,19.54178941556597
2021-07-03,0.6213429816779804,4.036270380496499,24.26148444798473,20.06729162414924
2021-07-04,1.1866381038734493,3.6538053134350155,22.096085383305265,19.971608405384824
2021-07-05,1.3567299704894973,4.808693330777479,20.63077361642864,19.562801294899923
2021-07-06,1.9030258689936215,5.337556353221729,20.798320491970387,19.99707061925696
2021-07-07,2.507583115007928,4.898723154418811,21.265801249849847,19.91196828110374
2021-07-08,4.322872718773484,5.784027594559082,23.576400419501745,19.769005509432766
2021-07-09,3.608252959587335,5.057846881293338,23.144146216667593,19.159476154802846
2021-07-10,3.3056340094273375,4.6764324637657175,22.559448570041752,18.777067945590435
2021-07-11,3.9099669527283556,4.796056388275879,21.942735903071437,19.716192954941615
2021-07-12,3.9468752519606904,6.556265804463173,22.276816401556687,19.34680889232255
2021-07-13,4.295074905944277,5.416889628671007,21.682823186682796,18.328665298268696
2021-07-14,3.3005836434393614,5.530704785948347,22.462237085566287,17.788906125145406
2021-07-15,2.150878178308669,3.002797351467478,22.72354569489023,18.726199212299928
2021-07-16,2.1018825677021864,4.421348257121919,22.515182937267248,19.054353808452962
2021-07-17,2.352919705696673,4.288278982870921,22.31415134090245,17.205516464940462
2021-07-18,0.8482051877865171,4.231358114935262,22.89356051074332,17.141392365879838
2021-07-19,-2.092697636935646,5.536812334258012,22.10848201918692,15.649300724491047
2021-07-20,-3.3784837947400224,5.780320491107155,22.26152349015087,16.148116409118728
2021-07-21,-3.718258756717405,4.0705939807276525,22.29505565382298,17.733829299308514
2021-07-22,-4.304993986496202,3.7524271976804173,22.580938567911925,17.629186827013804
2021-07-23,-2.336189771503602,3.904844715141268,22.57154703718357,15.81145522315199
2021-07-24,-0.05356901737968567,3.794284979453708,23.528314780036407,17.317854824654816
2021-07-25,1.8120000380735053,2.312163439076971,23.071018538157286,18.929192239187056
2021-07-26,1.651879529455902,3.4747501582873612,21.90151703343636,20.616868787090088
2021-07-27,-0.003437013502369579,4.74060991669819,21.487594204047173,21.64376234228213
2021-07-28,-1.6463156100568581,5.010892135625177,20.52671691920241,23.141200473510693
2021-07-29,-2.0656810410954995,5.107211822295842,20.922733087768385,22.83551507689414
2021-07-30,1.528825654832743,5.169261595901928,20.147998129925668,24.757984073449194
2021-07-31,3.0093534039086327,6.036532855155213,20.20932102113059,24.30285430258531
2021-08-01,3.0782426261137004,6.701090256973329,19.07005645799537,22.851968969186174
2021-08-02,4.221138119264761,6.031021791506891,19.529143860245235,23.88360689775874
2021-08-03,4.130716244517613,5.663150968666122,19.45282753951491,23.266154697838225
2021-08-04,4.424259234018347,4.688150050691587,18.72408300990851,23.070564374134328
2021-08-05,4.491781224297408,3.8740029980669792,19.688593740700572,23.59886458652307
2021-08-06,3.4857594065171176,3.651352481642258,19.682719579625815,23.877275328224584
2021-08-07,2.9784627606914964,4.374550497566159,17.276725917239194,24.255403683505442
2021-08-08,0.9614004955701252,4.436197208870892,17.412775364008226,23.701414528283323
2021-08-09,1.677258762835407,5.8805547985068305,17.265128776064742,24.250177148197256
2021-08-10,2.14636480475818,5.8086112863697315,17.174717456573042,22.888807290345348
2021-08-11,2.0285736838348125,6.4774816973929905,16.07643656979815,23.610053684426084
2021-08-12,1.4819074902636704,7.906663959937898,16.174329482338813,23.32084042038822
2021-08-13,0.7538469330401136,8.31390667194599,16.19132303745536,24.055257343505
2021-08-14,0.16891930724550241,8.608151527025642,17.19698969825249,24.728122304054992
2021-08-15,-1.4840326582972865,9.103664808409354,19.236245180440143,25.11124170413285
2021-08-16,-1.9245745527385918,8.99780104121801,21.49117007057742,25.439327866554695
2021-08-17,1.6140470981348642,10.759720460911694,19.68223341441814,26.155356310814728
2021-08-18,1.8814234169005815,11.453033460641455,17.6280640366772,25.736691369167996
2021-08-19,2.6815261142302704,10.587380518479085,17.907405636253802,26.451188705588688
2021-08-20,3.0765641028037582,10.735880497557226,17.167390640303644,26.451252310832004
2021-08-21,4.145223501120429,10.969975056371693,19.345925201649866,27.80755575800714
2021-08-22,4.857772343670762,10.2071956664751,18.725419508188782,28.247322011702835
2021-08-23,3.354059542243813,11.089589286983353,20.73931037991317,28.05414795968483
2021-08-24,2.257887350015717,12.039206029712757,20.999370654298925,27.56009933186837
2021-08-25,4.004442687878121,11.402736051649603,21.567037359956423,28.81689136783809
2021-08-26,5.8844227115258265,10.033109487282115,21.97864043435935,25.82854751225472
2021-08-27,9.495719952039934,9.175851988111177,22.776008254614496,26.295545786919913
2021-08-28,9.617253719042798,8.774587824109112,22.354056952788074,27.144621343815327
2021-08-29,8.357500630283306,7.12398799625974,22.213921789560676,26.860146759512155
2021-08-30,8.089873974591036,5.960475547575129,21.360977670071925,26.861761568524347
2021-08-31,7.73817315126712,6.040184527796997,20.14144804444813,27.47468264126009
2021-09-01,8.363219396520734,6.63620762328443,20.433878364546846,27.502870671822976
2021-09-02,8.105347533134854,6.498080759730589,20.893667560620642,26.903093126296422
2021-09-03,6.979557475352848,6.43970016132019,21.076723679707708,26.222977996847302
2021-09-04,5.416459947298276,5.449502011103022,20.81551642296904,24.287352228182197
2021-09-05,5.46137550476694,7.3097904407277285,21.096541500839866,24.19561052581341
2021-09-06,6.355470841263125,7.277792836088933,20.883697918125957,23.58834400868416
2021-09-07,5.899037241225735,6.956150369251197,21.16730973152858,23.993887971567354
2021-09-08,4.5570959440602286,7.166812160953009,21.16448637145488,24.171767354367088
2021-09-09,3.2745401740320945,8.58176423064849,21.55333332215841,23.98087391931056
2021-09-10,3.556290165919589,8.132514013667311,21.02631133842418,22.165833881786533
2021-09-11,3.8598220205805154,7.716425995589695,20.5464241116491,22.4426953599597
2021-09-12,4.155621237284418,5.5235746434175255,18.851104835500923,24.52461678795147
2021-09-13,4.4919340546728765,5.854630078377506,20.03770805932533,24.24007807804119
2021-09-14,4.887808501567381,5.964769813343651,20.457827173554293,25.470754755704945
2021-09-15,4.783354834724938,6.971433743145449,18.450046811015703,23.078859816295836
2021-09-16,3.175695808892801,6.692870201055119,17.892721404044835,22.214906132236454
2021-09-17,4.4070920136390885,5.602049018966726,18.447750765564503,21.75389632338824
2021-09-18,5.351782550647224,6.770182354060262,19.261376414176773,24.726616348271584
2021-09-19,4.366773947003786,5.165655090454153,19.459964777230205,26.290837510820285
2021-09-20,5.057436234197581,6.9885817121424285,19.06258081213598,27.75002302168177
2021-09-21,3.8784048952713355,7.984232611290007,19.562275824301473,28.662005794980473
2021-09-22,1.9471163993376868,7.67120417957031,21.19226334977969,26.899402174614906
2021-09-23,2.749462457663098,7.576541679621977,20.827206014828914,27.237885831293294
2021-09-24,2.3110015347885517,6.929266540122521,21.853424259214744,26.495604451049935
2021-09-25,2.1384739122724183,6.764058518354655,22.766435742154442,25.133571695820603
2021-09-26,1.1224467394271889,6.866298417038148,21.237304071318942,26.7612567403697
2021-09-27,2.2071591278224987,6.246056617187304,20.73208174680922,25.709799661652067
2021-09-28,4.753976703920441,6.0302984936187025,20.453645817212852,25.594669278314303
2021-09-29,6.024920136530437,7.128090001200777,21.44683453266978,24.774971158579056
2021-09-30,5.853043043542098,6.548155734196115,21.190192246232687,25.307730117554495
2021-10-01,5.904557665944476,5.505169138326121,19.874142577986227,25.670257929914804
2021-10-02,6.221835027642037,6.981357706834338,18.80323354460639,24.933111698054468
2021-10-03,5.476302784736091,6.8725054500383465,19.493108266844622,22.639335757871265
2021-10-04,6.219698689532302,7.129997086067344,19.395204711479746,21.582543637327106
2021-10-05,6.535001370345023,6.5186007475964605,19.15161896077908,20.568810110500703
2021-10-06,7.851569568343169,8.25609387555824,18.35811038893501,21.696739235747362
2021-10-07,7.710289621737783,10.022929541840181,18.385959640171507,22.047297992581345
2021-10-08,8.699494203062613,9.92445600210824,20.407072761155504,21.765915074807374
2021-10-09,9.63238095855545,10.086722776121656,19.467877962203982,21.86352751239597
2021-10-10,10.187808131619873,9.936565051609062,20.852695389995564,21.304299487211015
2021-10-11,10.131499053766943,11.532226642747029,19.986742242375282,21.22010663797759
2021-10-12,7.654269438095423,12.171547218466461,21.102954445013307,21.523743266345676
2021-10-13,7.542434950442807,11.912328434307064,20.796763698277363,20.361558105262517
2021-10-14,8.009777126139493,12.560027846667682,22.190666903646946,20.8241321016074
2021-10-15,7.896065446257293,12.016669168479975,21.20905945260604,19.154033434826925
2021-10-16,6.521208401245457,11.460789406068724,20.92840525741682,19.5078780758182
2021-10-17,6.402778601102023,10.505992584058342,23.09489065335928,20.77648985530294
2021-10-18,4.29645333388282,10.714024677800886,22.300143407278103,20.64800880219257
2021-10-19,2.4777974925853687,9.579373127578291,22.81512039929532,21.18252021363726
2021-10-20,3.1354826518454404,9.387993378842625,21.966296846337936,21.52799200570139
2021-10-21,2.394825232670926,9.596130453519892,21.04039721096536,22.144976989104833
2021-10-22,1.350197237592212,8.68360605534042,20.195507020855317,20.78167066230341
2021-10-23,2.0829952685122795,7.310375343764221,19.10932713993618,21.05823750016817
2021-10-24,1.1254666804722482,9.532661754452095,19.34887986264744,19.956592025543692
2021-10-25,1.709399108768599,9.946160870827267,18.917255794144126,20.092871645413812
2021-10-26,2.16875973667097,10.328001698257339,18.031073944349348,20.54608171340282
2021-10-27,1.6969837877486285,10.16964543932446,19.005148935776774,18.410644698682685
2021-10-28,1.0119772417325619,10.620265831560229,18.118511950491186,15.726436120400269
2021-10-29,0.15088198710230138,11.446360180684279,16.70463156883746,16.625905476957954
2021-10-30,-0.09928526518158554,12.571149182698845,18.181484355984853,16.12773356412915
2021-10-31,0.03847581903387545,15.3419234173308,16.89547918104281,14.86519425412329
2021-11-01,-1.3994952156819813,14.459474193536908,17.193346223447872,14.958108131207757
2021-11-02,-1.1663289187636472,14.794566609528028,17.513623438413397,14.6475769300127
2021-11-03,-1.3223762200287732,15.369530683650346,16.46894932197415,15.333318424240563
2021-11-04,-0.8108076127384981,15.295585012548596,17.226686579728405,15.51201082561846
2021-11-05,0.37884450001611614,16.305992236335808,16.418163359537854,14.723794023015854
2021-11-06,-0.8008403875587912,15.05983987466112,16.001668213510087,15.464042230200068
2021-11-07,-0.7575456037530848,16.37506058988358,16.790398445884104,15.339481829787939
2021-11-08,1.100917212716041,15.430155589814035,15.471730109463662,16.73846736789249
2021-11-09,0.6460789696569715,14.772619069163422,14.85383020719643,16.567725933737993
2021-11-10,0.00356159002514278,13.704534754968094,15.349746919064158,15.827017902500685
2021-11-11,0.16123764486578868,14.118209705157815,14.983874103093685,15.402135461007312
2021-11-12,0.5457022927350899,13.667516045446721,15.440370151036197,15.522785149537114
2021-11-13,0.6106185356145699,16.05773169950127,18.1220257198154,13.67704258548017
2021-11-14,0.8677854730723085,15.019780741233332,18.33347873678698,15.530496865117446
2021-11-15,1.2865459505759826,15.535554076252849,17.862726504473883,14.493456399494299
2021-11-16,1.593656928202382,15.406175216552345,17.492053844975015,16.97228203891673
2021-11-17,1.3682398939255065,13.536929920591522,16.161988661538377,17.55298667603813
2021-11-18,1.8799229091499743,15.523224522736323,15.964158639349268,18.34897746877195
2021-11-19,1.7823958061325107,17.09396942199398,17.085736886946375,14.67265976445507
2021-11-20,0.5662398150739478,16.437546569784793,16.96350953731,14.607787041871974
2021-11-21,-1.7427722601702906,15.482490988960341,17.334036066143028,15.768520111543978
2021-11-22,-0.39833487830978576,15.414528970640132,17.574632960914858,15.526280021259025
2021-11-23,-1.9105293791822064,16.042986425529346,19.63779178861763,15.580069114130113
2021-11-24,-2.6483103447051137,15.634169263549342,19.47709622393778,15.866617553877642
2021-11-25,-2.9444091301129123,16.740633085507053,20.13744913034643,15.994662175525317
2021-11-26,-3.6181842549546803,16.384526361423923,21.124091381153757,14.486450681404163
2021-11-27,-3.4150188297664084,17.87875932908046,20.558699681975682,13.984320190014838
2021-11-28,-3.508843512036504,16.879948576753822,20.242726334174623,13.390335753093364
2021-11-29,-3.935783063579959,16.589374765796094,19.791087998099293,14.40804314410536
2021-11-30,-3.091332614770317,14.582259841699843,21.238477718899507,14.603836698084407
2021-12-01,-4.042947089210813,15.63533074608183,22.12860195107763,15.077939761552832
2021-12-02,-2.835836833027006,17.49947134171084,22.37764046972357,15.488957596762978
2021-12-03,-3.447910696850648,20.289391132792666,21.873759603702585,14.884651155936515
2021-12-04,-3.6836309790634902,19.535931448056306,21.757454215373535,17.26812979152399
2021-12-05,-3.8216172476477483,19.972949782860077,20.79883894287267,16.72599493314945
2021-12-06,-5.592705039637052,18.791032428851036,17.854753338063478,16.717724233062913
2021-12-07,-6.345252391171963,17.4969925282979,18.005032678119946,15.273281008117339
2021-12-08,-7.931506414734515,17.667732763758444,17.079194656943205,15.977185179359815
2021-12-09,-7.383961776670663,18.290746649671846,16.12666876827119,15.015424527783447
2021-12-10,-6.171030404362791,17.93689556764238,15.946022206394774,14.541575861676462
2021-12-11,-6.766327837433259,17.215371105893745,15.983160551107364,13.602327568652886
2021-12-12,-7.634422441296942,17.53566574368158,16.797816461048235,13.289698884852665
2021-12-13,-7.468630839715411,16.911963177528666,15.599580168615232,13.925306909104922
2021-12-14,-7.886663576179323,16.246662672090082,14.969226196587725,14.739711083599506
2021-12-15,-6.2826041250775795,16.080172518068558,15.74396958228186,15.165840506923395
2021-12-16,-6.324096152231379,14.228449703352027,15.492809988663122,14.35157986287107
2021-12-17,-6.639100465531431,14.160491286150801,13.73566683626625,12.679744580815816
2021-12-18,-6.8115119622689315,13.709601441726765,12.486631618476782,12.758271543735777
2021-12-19,-7.512039602918722,12.360276099111172,11.264245170774403,13.23425365085967
2021-12-20,-7.3419137773824605,11.64790897381344,11.324516326620023,13.81628068310414
2021-12-21,-7.794170403301686,10.088937583040341,9.871638422435968,13.682093307306227
2021-12-22,-8.000193017167163,9.182403537898004,11.744631541976672,13.784122503901642
2021-12-23,-8.621030695612266,9.052637477468677,11.998300654677188,13.595840615027923
2021-12-24,-8.79944948796116,8.312559127472307,11.078526058252741,13.39276067932215
2021-12-25,-9.613169027383954,8.900530138026149,11.595661815572337,14.847344658804888
2021-12-26,-8.378919040603861,9.787435385363127,10.827268016961858,14.777549203623304
2021-12-27,-9.481971877384744,9.530905685255682,11.489250289574994,12.47045870976848
2021-12-28,-8.554648192038641,10.058319930831084,12.256072620532764,12.5219999395482
2021-12-29,-10.513768476590405,10.848665885045321,13.001003905826728,12.080231932984505
2021-12-30,-9.531538673842116,10.119235792089428,14.494324056867029,11.519261379748944
2021-12-31,-8.167931933949808,9.302333277926374,12.51433827745698,12.321524148672633
2022-01-01,-6.6098023965815065,10.20264513480678,11.87737308096209,11.08605366990807
2022-01-02,-6.616816516887428,10.085189913634842,12.68197713993382,10.602950864666663
2022-01-03,-4.781910298968988,9.51972271143738,10.84859152353106,10.749976354393313
2022-01-04,-5.666255707837697,9.4990206733214,10.403436274250426,11.424245866249011
2022-01-05,-4.936673489611054,9.03019923886283,11.240100408848072,13.130918761383128
2022-01-06,-3.7424086946484216,9.006299887437528,12.254802889592703,9.986644362997929
2022-01-07,-3.309653192806887,8.976534098011815,11.453138316751104,9.135381731689426
2022-01-08,-2.0189998811302647,7.3515184558787094,12.656278977872464,8.877592091119375
2022-01-09,-0.9923240012948191,7.885275502238068,13.673885928886747,7.9084231614869305
2022-01-10,-1.252005487709629,7.6052451197354545,14.10369906683487,8.102189127070893
2022-01-11,-2.1384447779687,7.653850763134358,13.81280492531931,8.493351419322618
2022-01-12,-2.066072226128876,5.903249561380917,14.000531479184302,8.126245089617376
2022-01-13,-1.8062171738410546,6.480774172378738,13.005005824818326,7.573740564910084
2022-01-14,-0.057436824065364434,5.884639760111513,12.339850970217725,8.017644347775207
2022-01-15,-1.060657099135943,7.3073388191170645,13.445877519281037,10.981840856196841
2022-01-16,-2.4718109828346764,6.984602951009822,14.078027355273713,9.146232836575706
2022-01-17,-0.856727443536125,5.859594587490279,13.623207069368515,9.7304083441416
2022-01-18,-1.04201491833303,5.828654497354219,13.106799054837051,9.259130412721841
2022-01-19,-0.7587634432748711,5.973994382498361,13.90172274790253,9.519475840941205
2022-01-20,-2.2578663695816834,6.039412641167848,14.704144828705946,9.377542895787373
2022-01-21,-0.5443707739975052,7.277989577950377,13.607493941302259,10.151060017155173
2022-01-22,-0.4422849999405437,7.882730879240124,12.869370328480063,10.323277691043947
2022-01-23,-0.44112344407194604,7.892183711043295,13.521965529496258,11.614531442329877
2022-01-24,-0.19549193456417255,7.784000014060415,12.717198804689716,10.796166353583187
2022-01-25,1.1415892411086896,7.7725199949881185,11.757421222064457,10.92346853797419
2022-01-26,-0.37041239359546196,7.262387122857137,12.737119111751884,10.24406793140431
2022-01-27,0.054130388387325756,7.765390710324278,12.216471608025369,10.13475737441796
2022-01-28,-0.6271326489424377,9.374017074236168,13.42580302046017,10.325028190891043
2022-01-29,0.15763878846232227,9.941134096047996,13.588283577940413,10.971788440046014
2022-01-30,-0.7017435945036503,9.739455630440583,14.812868607923024,12.519290742936636
2022-01-31,-2.7890768930089553,7.735686344764238,14.566754905760506,12.894008222565823
2022-02-01,-2.2448026072823684,7.314551707707887,13.164500440377372,13.449515241442764
2022-02-02,-2.471249819498783,8.185201931088173,12.64025037961712,14.207160471909189
2022-02-03,-2.319073723010347,10.051582481955865,12.707288577031994,14.097052876587833
2022-02-04,-2.54789493160614,11.317338683673308,12.218401472339226,15.299668037390646
2022-02-05,-3.4547273896673225,10.113636035767849,9.500405781379243,15.751161804074911
2022-02-06,-3.695956466916689,10.8408246486635,11.557518108402686,15.096097476145063
2022-02-07,-6.003254820831822,10.252223883935207,9.213904062931146,14.905398750790464
2022-02-08,-6.003383174511732,9.067011604675164,9.436358012705258,15.48656183173575
2022-02-09,-5.166223185717304,10.242418903853535,11.66175329459446,15.923404392178648
2022-02-10,-4.232459156841749,13.217135532877727,13.794119933535836,14.292396334366547
2022-02-11,-2.5290843473627858,12.951256338336421,13.460796074155157,13.742529086456047
2022-02-12,-2.0080009567801,13.680179598643084,11.57186617142694,12.572608975714262
2022-02-13,-1.7942885065704455,11.123841115265607,12.351627451353322,11.381257055760704
2022-02-14,-1.0811225841738104,10.96488089348485,13.396501338756508,10.268014492862143
2022-02-15,-1.2991106557123047,11.240477476657523,12.965310310663344,10.25013572014959
2022-02-16,0.7460193269879989,11.15516850407135,13.543773017768416,11.473729737391185
2022-02-17,1.838746573071405,10.205585894593584,12.706085457848998,10.675732847087879
2022-02-18,2.0272933242094946,9.819029750751548,12.093548023477208,10.519763056377313
2022-02-19,0.9998588587151866,9.452452405368229,12.472042656190906,9.813186119205238
2022-02-20,1.7650366030728382,8.53792593859137,12.549279007687506,10.827391702696124
2022-02-21,0.9645906282368281,8.2552470589509,13.376373573411946,11.512083841824346
2022-02-22,1.0979330148017814,8.591921433228885,13.509616946743577,10.32654575703837
2022-02-23,2.903784257835834,8.583038441490938,14.939092793159864,11.633156814743604
2022-02-24,2.1803694438100436,7.805792557214152,13.313337886731414,11.632061620671221
2022-02-25,2.589983392079164,9.280708960590257,13.22945831099375,10.271108557130686
2022-02-26,2.6128020191356707,8.1791500865454,13.41465581769479,7.657570269843836
2022-02-27,2.2362336153802387,8.733179647246475,11.89347157803921,7.0006142735507275
2022-02-28,1.5651762960676905,8.986154263324131,11.999756897074144,8.397290969696856
2022-03-01,2.09872312223674,8.656412989210978,11.891971894402321,9.162872909493307
2022-03-02,1.876644997444552,8.379094285403152,11.705492022558776,10.374220185375036
2022-03-03,1.5316294875657244,7.624757365070693,14.046775800295064,11.428275501963169
2022-03-04,1.293549831789885,7.900009900703411,13.91334417500347,10.314050934911046
2022-03-05,1.323851909216993,7.2849299497374425,15.676029126063742,11.410491883612073
2022-03-06,2.469650976717685,6.523654929245036,15.031448549651753,11.382388096047425
2022-03-07,1.3977485361371456,6.49290068051841,16.604288869483362,11.409698550863007
2022-03-08,0.8171943378105513,7.474102517289114,15.256893220184239,12.138655249468917
2022-03-09,1.3508091663934467,7.181680587613024,13.178280712063742,9.371160882312633
2022-03-10,1.3306673198732584,7.060991971983733,14.329370879933036,10.533247085006279
2022-03-11,1.5379195685975595,5.1317049445566045,14.820564204980204,9.1395964472791
2022-03-12,2.354481598069588,4.2866582527330195,13.65716835952228,8.402911120056098
2022-03-13,3.1376761478893003,4.557429782673537,12.866305130886488,8.499243391588857
2022-03-14,1.9155620068480457,4.413995337431021,14.411403051172346,9.261736622032428
2022-03-15,4.478511830320491,6.5877566320588405,14.416784679940807,9.583351373256784
2022-03-16,6.09815478976232,8.093578509145571,13.515093791411664,9.75825576025898
2022-03-17,7.41298230940319,8.161299815297134,13.551470672465562,10.559437000615965
2022-03-18,6.738134837392356,7.709003357542577,13.209190697544443,9.957581085800927
2022-03-19,4.92533851223439,6.781900155799784,14.157796821693845,8.844068737885564
2022-03-20,6.01236925053614,6.856036366617088,14.0850919437553,10.215063639495419
2022-03-21,6.336160881408306,6.41210009270377,14.496373806946773,9.61504575013779
2022-03-22,6.465336379010439,6.718457448423763,13.93440153914794,9.801085122217193
2022-03-23,6.253286344927601,7.864266071288368,13.587160406058901,11.013021685778435
2022-03-24,6.592387884425421,10.124709942005339,10.109927197513382,10.706366440955415
2022-03-25,5.806854553881742,11.464729518712666,9.729333541238034,13.135381080950209
2022-03-26,4.3467968138878685,10.443883052740224,11.157375600271228,13.310322321304358
2022-03-27,4.878751371762575,10.265498639166575,9.87220587287072,14.828262375055251
2022-03-28,7.931768807021214,10.970608725348361,9.017731728931967,15.026570026179094
2022-03-29,7.958006357404232,11.959235205173998,9.398927820957718,14.829788575582914
2022-03-30,6.674189235281198,12.259913176969786,9.12754834697431,14.106384528701682
2022-03-31,5.77424212514994,12.846265882276148,9.046075510986618,16.596684298446085
2022-04-01,3.8741702022500246,16.189141947676458,10.361991282354602,16.216026273440356
2022-04-02,5.5205507191785355,18.03721711078621,9.702978426490704,16.27880974188446
2022-04-03,8.76350604563903,17.54419373049573,9.915355527964163,17.325617734923327
2022-04-04,8.051535808481656,19.358866392659095,10.20471859143559,17.991273430209013
2022-04-05,6.790282336134516,18.07302048848483,10.498461420456564,18.123577826246976
2022-04-06,5.133861249006095,18.339220101362546,10.0395870688233,17.414480749194226
2022-04-07,5.199459195084541,16.918457781856166,10.077220032488457,18.083284573553062
2022-04-08,5.4122213365834515,17.51806124061335,10.590821722295102,16.885012805305774
2022-04-09,5.885593093955084,17.94447848002997,10.366944395512318,17.393164925855583
2022-04-10,5.214273157466116,17.767783129898316,10.831842392258684,17.690579605023522
2022-04-11,5.688221902538922,18.681342819388988,10.967600428154464,16.86224522944153
2022-04-12,7.666643003666349,18.105391918542725,12.024105569821964,16.18204029935501
2022-04-13,6.260361067189108,18.297939130278156,11.833453254441833,15.596898306219348
2022-04-14,7.417069702514709,18.85731940658718,13.62040563129575,15.462871261149786
2022-04-15,7.574244103474165,18.7428863336556,12.634495033294407,14.943645020745219
2022-04-16,7.947349096619794,18.042421252067214,14.022653332631473,15.669012213733929
2022-04-17,6.9978469317938,17.151843161169296,13.72256704314293,16.263848121577453
2022-04-18,6.710414722549703,18.366122199711697,13.58000821988852,18.19820515444054
2022-04-19,7.655630319535633,16.92037380998282,13.323882154231896,19.562284382886546
2022-04-20,8.595123530320896,15.677255793026706,12.394647184403114,19.71047160074567
2022-04-21,8.253314341363815,16.47102239281877,12.995044630884465,20.971526218092652
2022-04-22,9.143030446627236,14.964583449260976,12.394426266098028,21.06404423332567
2022-04-23,9.094668146325766,15.371859895949209,12.505838312994717,19.65574487118254
2022-04-24,10.099229953563574,14.940843282801136,13.121714741543084,20.357235747224074
2022-04-25,10.404377222996892,15.510776425663336,12.155305451251783,17.989445903655845
2022-04-26,9.978170952125902,14.95049298608576,11.271842372454175,18.799768756897056
2022-04-27,9.459007740758286,15.782488180991981,12.140210634721932,19.206622830155865
2022-04-28,7.378554798353026,15.93945142984497,13.546720702103906,19.289884157973443
2022-04-29,8.77615851525184,16.953403722148543,14.356724671426512,18.20309211318051
2022-04-30,9.037192408617237,16.79773614180736,14.191443364046128,17.933592815236718
2022-05-01,8.76962301287901,17.495932897873782,14.325540058457095,17.559974783487398
2022-05-02,8.475709421007549,17.85666799534172,12.79282190210919,17.664815331556728
2022-05-03,8.99258464833757,18.112076847974567,12.903913129239797,18.33442379140032
2022-05-04,9.240966827308316,18.05853033346907,13.413331346262792,18.515899984393823
2022-05-05,9.572185972135916,18.43166095429219,12.722344507234592,18.7778359267758
2022-05-06,9.173405248546008,18.182647557704996,11.641195533415495,16.843528767994638
2022-05-07,9.230226875596443,19.565792537822063,10.605249793667136,16.904447534464932
2022-05-08,9.51661523089436,18.048166225212306,11.970898914378553,16.884282991624005
2022-05-09,9.946407066491144,17.83290755980368,11.377341932397462,16.98837005166573
2022-05-10,8.627867793816021,16.56392696619511,11.786540939488651,18.888647324830583
2022-05-11,8.12999221200921,16.923452840137703,12.421716616531139,17.056386456111074
2022-05-12,9.353859808343548,17.11333653392688,13.062870531607643,18.85564228068761
2022-05-13,9.271847230416403,17.932389025983486,12.790434805915575,20.166517090325108
2022-05-14,8.827290342051674,17.082445098063147,11.511750381494391,19.564215983470806
2022-05-15,8.750636129613618,16.979190667607067,12.643516617722106,20.034117638589613
2022-05-16,8.813144974178599,17.035681525448894,11.420958235252579,18.94824983355888
2022-05-17,7.1594554598419045,17.426924866261587,11.315366171746707,17.899913658144303
2022-05-18,8.592605072547908,16.25253737442796,10.739406585547407,19.784498842938056
2022-05-19,7.505166042567704,15.555051941836519,9.45211491298339,18.417463705666368
2022-05-20,6.549693782624909,15.478488966216082,9.809054603417438,17.93072810607188
2022-05-21,6.532573915062658,15.994439329709612,10.562467527234642,17.12600408979292
2022-05-22,5.211306301624658,16.675678341191503,12.692960764573154,14.964446974481554
2022-05-23,5.372870484915044,15.525868592518826,12.915439929939485,15.988306607664233
2022-05-24,5.916559301906161,18.054478202490618,14.507321511203084,16.790242017086793
2022-05-25,5.242975474435691,17.95354292613755,15.642613903883074,18.425093531135264
2022-05-26,2.4846738128183854,14.863565572247829,15.707516896051233,19.725554865412214
2022-05-27,2.5174509296272296,16.205212724618406,15.187280307675989,19.823792135825425
2022-05-28,3.491313151785603,14.552641801462938,15.343431200098763,18.686486206644236
2022-05-29,4.211292560939764,15.034581626794916,15.299072337892895,17.57682923016313
2022-05-30,2.805192258965718,13.854978402789289,14.798268111507976,17.621211283085557
2022-05-31,2.478281031126749,10.994243280872006,14.551239054488411,18.69689901025617
2022-06-01,1.1488598337451479,9.090915829229942,16.022817900094385,20.003672824659894
2022-06-02,2.7179227717627565,9.495648160429104,17.149563565827247,18.823722796869514
2022-06-03,1.8610391769115044,9.798306820091755,14.61450422407224,19.581207421334597
2022-06-04,0.9966246394363344,8.685017666038672,15.453127174463367,19.222339134999366
2022-06-05,2.276904132626855,9.372538263817805,15.113631022667574,19.854126408084873
2022-06-06,2.717155204820963,9.7436188062168,17.09204374806109,19.18494916320971
2022-06-07,3.091272296375715,8.599891215969574,17.248080029460617,19.30348695998469
2022-06-08,2.8265670973279566,8.74631308537744,16.87895644973994,19.999041405365844
2022-06-09,3.0920409635209682,8.712474653103133,16.291318108782672,19.217139833772922
2022-06-10,2.876670673042687,6.730026759423511,16.483049910223833,17.766332780424612
2022-06-11,2.6205226060492146,7.038120660435698,16.292698860821748,18.000894123022327
2022-06-12,1.5837580617025673,7.143098214748354,17.61786048478476,17.72844195044446
2022-06-13,2.1409469991807817,6.5212473304789,17.902795514470906,17.995622664862815
2022-06-14,2.840018856675699,6.601082895262124,17.444198984632493,17.080263561361257
2022-06-15,3.6808282383485973,5.4866694823171045,18.003670710584146,17.71892878807239
2022-06-16,4.427278270127179,4.7842691440842025,17.258165006709145,17.59965637001322
2022-06-17,5.8687839423237556,4.029238414307569,17.12280943258763,16.490767290889725
2022-06-18,8.861796963897552,3.9154327190525775,16.66473599276554,16.400065374743786
2022-06-19,9.140072887316716,5.509425653698144,17.072299836937464,16.30610965319852
2022-06-20,9.448117024999931,6.124667916026273,16.311080017595096,16.342873748510254
2022-06-21,9.009460221133583,4.47714927370005,15.39775269914582,15.633230946321149
2022-06-22,8.447917844784692,2.8705282772919505,14.457038634045478,15.016525833265913
2022-06-23,8.262862539043445,2.820006451296071,16.304538589737803,14.84181096354923
2022-06-24,8.15236633388496,3.50997771893154,15.374166350508151,15.535291824492646
2022-06-25,8.45580812964995,5.011861535324865,15.050070684934925,16.080064453424992
2022-06-26,7.689407188393129,6.574420208747227,14.526558727239529,14.687859171843673
2022-06-27,8.112405667419665,6.476729693749474,15.243258456754972,14.803628216086752
2022-06-28,7.420110497280081,6.428349151169693,14.924197979614833,13.576458990508876
2022-06-29,6.493897900663037,5.611455314018235,14.401105759669422,12.72577863455904
2022-06-30,6.651176110653217,5.2667866749889445,15.761570130225811,12.469203692712698
2022-07-01,5.549589370759368,4.932054019182532,16.69161855845093,11.17244159178749
2022-07-02,5.55042960478758,4.027916170931521,17.13021582859482,11.05980412676433
2022-07-03,6.79887715890433,5.435686729248483,16.958114223706776,12.29658530322282
2022-07-04,7.815609944464752,4.014541813250675,17.53992288651557,12.496301137962336
2022-07-05,8.48288132361519,5.216292835404631,18.49631507604112,12.519659880343474
2022-07-06,8.536471507918181,4.244793749977215,19.04173210285321,13.171677825611964
2022-07-07,7.729773653869549,3.5427415098460746,19.022600792361086,12.700055888397017
2022-07-08,7.695560847922207,4.172434971347723,18.21959235479789,13.47004381674229
2022-07-09,7.030400228812712,4.318724505605505,16.622725196761827,15.012609288754467
2022-07-10,5.691661787194644,2.721742265916114,16.07864059358675,16.31860522640163
2022-07-11,5.90729209974895,3.022456643581807,14.493222590800492,16.275409642696857
2022-07-12,5.218596194268124,3.242389934667942,15.706991538301077,17.419505074382723
2022-07-13,3.9606833159015,2.322381934480349,15.865079279368931,18.85856384658886
2022-07-14,3.507099174465611,3.2316191096180433,16.2416828101652,17.987094503149173
2022-07-15,2.6970965225365133,3.6974551149334975,16.08521522607806,19.261003597802457
2022-07-16,3.494602644412301,4.046302351021578,16.78010348544229,19.239886518989607
2022-07-17,2.46182788110654,3.2507958764182483,15.433865503291685,19.510408073878352
2022-07-18,2.283316944302966,4.56583815919055,16.740213575226417,18.49271855896692
2022-07-19,2.4242730409709727,4.23698581626532,17.14059359848318,19.537655459971923
2022-07-20,1.90374264108051,6.024711255689825,17.71407641232561,19.87658874599266
2022-07-21,1.3255737113336137,5.462722995499178,16.845252999520284,20.27835452687474
2022-07-22,1.8838209804516024,3.4136728950724273,18.806975874467426,20.9168950535165
2022-07-23,2.384159679920754,4.1888320921246835,19.461071242085563,21.1640886225735
2022-07-24,1.484746363111018,5.905141654552041,17.226887687589812,19.95560422854774
2022-07-25,0.11805382305971146,7.112664230830028,15.06294650976687,20.780822657282407
2022-07-26,0.45974288530006313,5.7643044248100646,15.296794980244101,20.52601641887016
2022-07-27,0.5070055345807125,5.660096222404955,16.67151661650104,20.787682551646764
2022-07-28,0.5143673776134702,7.442746020740866,16.856180795689664,21.84391467998121
2022-07-29,-1.1890560364367282,5.193843168754539,15.657365530180392,21.73802020649752
2022-07-30,-0.4597490287425604,6.458314533534125,13.434392049028494,22.394163044250853
2022-07-31,0.4894153468710023,9.265787005809331,12.183299027261487,23.13931612836529
2022-08-01,-0.4700774981925556,9.092972373396377,11.912899292332177,21.990414377557276
2022-08-02,-1.0199644686022529,8.119551170240317,12.093424587604385,20.543071174790715
2022-08-03,-1.4326128486210912,8.179965130259852,11.982182216451575,22.08084905825261
2022-08-04,0.4280259895135179,8.144026299522697,11.549793193958607,21.22862444292301
2022-08-05,-1.2383436978692817,8.077319445333929,13.426082884676605,22.11428379998981
2022-08-06,0.20765966762262678,8.042796436791797,13.47044783918229,20.83379895427432
2022-08-07,-0.7256274631353162,7.902117744792804,13.035081716039393,21.77982701862573
2022-08-08,0.40037823329981925,8.060522112292881,13.73637531029546,22.806781838766003
2022-08-09,1.292686154933285,5.564487773502807,12.798709786777497,23.81419254058102
2022-08-10,0.8256235718823526,7.487244824383323,14.416995299611433,23.425999384095846
2022-08-11,0.47704240894324007,8.723745132861835,13.77441728388619,22.743236975405104
2022-08-12,-1.3104879216255128,9.579606697525104,12.777843099105182,22.827982714427254
2022-08-13,-0.6720353179418709,10.720919561515919,13.288248730509554,23.23811244064964
2022-08-14,-1.3034475730829866,8.222502760236631,14.217323542551402,21.63211329201698
2022-08-15,-0.15393499619684037,8.102464999331858,14.070812534968807,20.156573599311546
2022-08-16,2.0761051934805517,6.905918136602072,12.855487108954259,19.482163172524224
2022-08-17,0.9817529567954248,7.449594375449214,12.816786623161084,18.399414326343248
2022-08-18,-0.40260499258359994,7.637724880779048,12.506719044124349,18.929897774837347
2022-08-19,-0.20553497543755744,7.241227107801086,11.765571120691343,19.43687075288311
2022-08-20,-0.7275555611784708,7.8776222719260405,12.91211858450382,18.715814548538614
2022-08-21,-0.2294094488707491,8.20404011713388,14.74534538605574,18.97123012793562
2022-08-22,0.5013993037043974,7.677382329351425,14.028009914883482,18.315070978716076
2022-08-23,-0.8480446266015854,6.906734837959709,13.790428028488577,17.2165416607165
2022-08-24,-0.7302221027478324,7.2026838578520636,12.907572603162533,16.971563926263634
2022-08-25,-0.5607521574589953,7.859297712173801,12.693018485129972,15.564856469302102
2022-08-26,-1.5335133720894618,7.541896574366207,12.466060344274707,14.87350395175676
2022-08-27,-0.9161117931547682,7.470842460876906,12.983238114404552,15.057505387473824
2022-08-28,0.14293145762143955,7.087294031958194,11.59131075913525,14.810563950736292
2022-08-29,0.15127949331530063,6.951492731772802,9.565685945100286,15.917578862007073
2022-08-30,0.46727933642596,8.035418205428414,7.923306325043792,17.05834704907095
2022-08-31,0.7485932784330223,8.992307928767275,7.178155557290329,17.65552540408743
2022-09-01,2.298772214086794,10.682852101628054,7.226188690301206,18.412639339772618
2022-09-02,2.3418115937055073,11.495922292594656,7.935437229120829,18.71434200431807
2022-09-03,1.8477577231861262,11.314505657852413,8.560719695957909,18.13239367541066
2022-09-04,2.5558015534499194,10.975128047122336,9.378582059626405,16.993377344458256
2022-09-05,2.5517500605841765,9.371064510047566,9.6030551497969,18.15127647313318
2022-09-06,3.631195485949746,8.537063553742929,8.247234230831554,19.3032945548928
2022-09-07,1.7478369821758761,8.686764013678438,7.897261915012614,18.828274631807368
2022-09-08,2.7382366688191997,8.972120476419294,9.420797242947959,20.242917377119234
2022-09-09,1.8872489777787482,9.950550860669033,10.452507808525828,18.54032211584123
2022-09-10,0.9348626649760539,9.57247655807645,9.69832510978028,18.926060826651348
2022-09-11,2.3664214334671008,9.620068748086839,8.42878131169116,20.071878295694958
2022-09-12,2.186596985633153,9.695672239543198,10.18379586961899,19.7338991951929
2022-09-13,1.7431313768503491,9.749701083905242,10.297116540350642,19.629943502327528
2022-09-14,3.087470701110451,11.850170364673644,10.273434474562404,19.85972433435243
2022-09-15,0.879487185321735,9.97668098883548,9.833639676783001,20.847752923931893
2022-09-16,-0.44749281170353883,11.202519037900721,11.392531427246436,19.1165146693478
2022-09-17,1.4092106296712827,11.373117894870708,12.468146229333582,18.98474094479875
2022-09-18,1.0573115468838,10.778246670972324,11.309407436097937,16.86890900609859
2022-09-19,-0.302149436992307,9.510515185109822,11.692739312855013,16.939614735902587
2022-09-20,-0.32246376167975555,8.172138550433136,13.804911859008943,17.340303687542836
2022-09-21,-1.016419152796416,8.117714409206128,13.591441962324335,16.966486436490673
2022-09-22,-0.5160885172827241,7.501195416241775,11.722376536026161,17.32558846852906
2022-09-23,-0.2680911384597412,9.541768062881681,11.36456096330677,18.58589743043971
2022-09-24,-3.3476689301477314,9.642953095232592,9.479137205468598,17.821148506385
2022-09-25,-5.149525948756782,11.200366106333355,9.858457160287614,18.068631479493277
2022-09-26,-3.159789228738401,12.374921501310116,8.83064797250344,18.189569470618647
